Storage_Bcf,Year,storage_change,%_change,5_yr_weekly_storage_avg,storage_deviation,storage_ratio,storage_change_4_week_roll,storage_deviation_4_week_roll,Week
2424,2014,-105.0,-4.151838671411625,2716.4,-292.4000000000001,0.8923575320276836,-161.75,-283.1500000000001,3
2184,2014,-240.0,-9.900990099009901,2542.6,-358.5999999999999,0.858963265948242,-197.75,-307.70000000000005,4
1924,2014,-260.0,-11.904761904761903,2370.8,-446.8000000000002,0.8115404083009954,-223.25,-357.6500000000001,5
1693,2014,-231.0,-12.006237006237006,2183.2,-490.1999999999998,0.7754672041040674,-209.0,-397.0,6
1444,2014,-249.0,-14.707619610159481,2024.6,-580.5999999999999,0.7132273041588463,-245.0,-469.04999999999995,7
1348,2014,-96.0,-6.64819944598338,1914.6,-566.5999999999999,0.7040635119607229,-209.0,-521.05,8
1196,2014,-152.0,-11.275964391691394,1802.0,-606.0,0.6637069922308546,-182.0,-560.8499999999999,9
1002,2014,-194.0,-16.220735785953178,1707.8,-705.8,0.5867197564117579,-172.75,-614.75,10
953,2014,-49.0,-4.8902195608782435,1689.2,-736.2,0.5641723892967084,-122.75,-653.65,11
895,2014,-58.0,-6.08604407135362,1673.0,-778.0,0.5349671249252839,-113.25,-706.5,12
824,2014,-71.0,-7.932960893854749,1646.2,-822.2,0.5005467136435426,-93.0,-760.55,13
827,2014,3.0,0.3640776699029126,1667.8,-840.8,0.49586281328696485,-43.75,-794.3,14
850,2014,23.0,2.781136638452237,1708.0,-858.0,0.49765807962529274,-25.75,-824.75,15
899,2014,49.0,5.764705882352941,1755.2,-856.2,0.5121923427529627,1.0,-844.3,16
981,2014,82.0,9.121245828698555,1816.8,-835.8,0.5399603698811096,39.25,-847.7,17
1055,2014,74.0,7.543323139653414,1889.0,-834.0,0.5584965590259396,57.0,-846.0,18
1160,2014,105.0,9.95260663507109,1975.0,-815.0,0.5873417721518988,77.5,-835.25,19
1267,2014,107.0,9.224137931034484,2070.8,-803.8000000000002,0.611840834460112,92.0,-822.1500000000001,20
1380,2014,113.0,8.918705603788476,2160.2,-780.1999999999998,0.6388297379872234,99.75,-808.25,21
1499,2014,119.0,8.623188405797102,2254.4,-755.4000000000001,0.6649219304471256,111.0,-788.6,22
1607,2014,108.0,7.204803202134756,2339.4,-732.4000000000001,0.6869282722065486,111.75,-767.95,23
1719,2014,112.0,6.969508400746734,2428.6,-709.5999999999999,0.7078152021740921,113.0,-744.4,24
1829,2014,110.0,6.399069226294357,2508.2,-679.1999999999998,0.7292081971134678,112.25,-719.15,25
1928,2014,99.0,5.41279387643521,2584.6,-656.5999999999999,0.7459568211715546,107.25,-694.4499999999999,26
2023,2014,95.0,4.927385892116183,2659.4,-636.4000000000001,0.7606979017823569,104.0,-670.4499999999999,27
2128,2014,105.0,5.190311418685121,2720.0,-592.0,0.7823529411764706,102.25,-641.05,28
2219,2014,91.0,4.276315789473684,2765.6,-546.5999999999999,0.8023575354353486,97.5,-607.9,29
2307,2014,88.0,3.9657503379900856,2815.0,-508.0,0.819538188277087,94.75,-570.75,30
2388,2014,81.0,3.5110533159947983,2867.0,-479.0,0.8329264039065225,91.25,-531.4,31
2467,2014,79.0,3.30820770519263,2916.2,-449.1999999999998,0.8459639256566766,84.75,-495.69999999999993,32
2555,2014,88.0,3.56708552898257,2977.2,-422.1999999999998,0.8581889023243316,84.0,-464.5999999999999,33
2631,2014,76.0,2.974559686888454,3040.2,-409.1999999999998,0.865403591868956,81.0,-439.89999999999986,34
2709,2014,78.0,2.9646522234891677,3097.6,-388.5999999999999,0.8745480371900827,80.25,-417.29999999999984,35
2801,2014,92.0,3.3960871170173497,3172.0,-371.0,0.8830390920554855,83.5,-397.7499999999999,36
2890,2014,89.0,3.1774366297750802,3245.4,-355.4000000000001,0.8904911567141184,83.75,-381.04999999999995,37
2988,2014,98.0,3.3910034602076125,3335.0,-347.0,0.895952023988006,89.25,-365.5,38
3099,2014,111.0,3.7148594377510036,3429.4,-330.4000000000001,0.9036566163177232,97.5,-350.95000000000005,39
3205,2014,106.0,3.420458212326557,3523.8,-318.8000000000002,0.9095294852148249,101.0,-337.9000000000001,40
3298,2014,93.0,2.9017160686427457,3607.2,-309.1999999999998,0.914282546019073,102.0,-326.35,41
3393,2014,95.0,2.8805336567616737,3689.6,-296.5999999999999,0.9196118820468344,101.25,-313.75,42
3480,2014,87.0,2.564102564102564,3756.0,-276.0,0.9265175718849841,95.25,-300.15,43
3571,2014,91.0,2.6149425287356323,3797.0,-226.0,0.9404793257835133,91.5,-276.94999999999993,44
3611,2014,40.0,1.1201344161299356,3806.6,-195.5999999999999,0.9486155624441759,78.25,-248.54999999999995,45
3594,2014,-17.0,-0.4707837164220438,3787.4,-193.4000000000001,0.9489359455035116,50.25,-222.75,46
3432,2014,-162.0,-4.507512520868113,3747.6,-315.5999999999999,0.9157861031059878,-12.0,-232.64999999999998,47
3410,2014,-22.0,-0.641025641025641,3674.8,-264.8000000000002,0.9279416566887994,-40.25,-242.35000000000002,48
3359,2014,-51.0,-1.4956011730205279,3596.0,-237.0,0.9340934371523916,-63.0,-252.70000000000005,49
3296,2014,-63.0,-1.8755582018457875,3453.0,-157.0,0.9545322907616566,-74.5,-243.60000000000002,50
3246,2014,-50.0,-1.516990291262136,3350.0,-104.0,0.968955223880597,-46.5,-190.70000000000005,51
3220,2014,-26.0,-0.8009858287122612,3256.0,-36.0,0.9889434889434889,-47.5,-133.5,52
3089,2015,-131.0,-4.068322981366459,3111.8,-22.800000000000182,0.9926730509672858,-67.5,-79.95000000000005,1
2854,2015,-235.0,-7.607640012949174,2911.2,-57.19999999999982,0.980351744984886,-110.5,-55.0,2
2637,2015,-217.0,-7.603363700070077,2739.6,-102.59999999999991,0.9625492772667543,-152.25,-54.64999999999998,3
2543,2015,-94.0,-3.564656806977626,2570.0,-27.0,0.9894941634241246,-169.25,-52.39999999999998,4
2428,2015,-115.0,-4.522217852929611,2413.6,14.400000000000091,1.0059661915810407,-165.25,-43.09999999999991,5
2268,2015,-160.0,-6.589785831960461,2231.6,36.40000000000009,1.0163111668757843,-146.5,-19.699999999999932,6
2158,2015,-110.0,-4.850088183421517,2085.6,72.40000000000009,1.0347142309167625,-119.75,24.050000000000068,7
1938,2015,-220.0,-10.194624652455978,1954.6,-16.59999999999991,0.9915072137521744,-151.25,26.65000000000009,8
1709,2015,-229.0,-11.816305469556243,1818.4,-109.40000000000009,0.939837219533656,-179.75,-4.2999999999999545,9
1511,2015,-198.0,-11.585722644821534,1687.2,-176.20000000000005,0.8955666192508297,-189.25,-57.44999999999999,10
1468,2015,-43.0,-2.845797485109199,1657.6,-189.5999999999999,0.8856177606177607,-172.5,-122.94999999999999,11
1479,2015,11.0,0.7493188010899182,1641.2,-162.20000000000005,0.9011698757007067,-114.75,-159.35000000000002,12
1461,2015,-18.0,-1.2170385395537524,1604.4,-143.4000000000001,0.9106207928197456,-62.0,-167.85000000000002,13
1476,2015,15.0,1.0266940451745379,1612.2,-136.20000000000005,0.9155191663565314,-8.75,-157.85000000000002,14
1539,2015,63.0,4.2682926829268295,1650.2,-111.20000000000005,0.9326142285783541,17.75,-138.25000000000006,15
1628,2015,89.0,5.782975958414554,1698.4,-70.40000000000009,0.9585492227979274,37.25,-115.30000000000007,16
1711,2015,83.0,5.098280098280098,1760.2,-49.200000000000045,0.9720486308374048,62.5,-91.75000000000006,17
1785,2015,74.0,4.324956165984804,1827.8,-42.799999999999955,0.9765838713207134,77.25,-68.40000000000003,18
1897,2015,112.0,6.2745098039215685,1921.4,-24.40000000000009,0.9873009264078276,89.5,-46.700000000000045,19
1989,2015,92.0,4.849762783342119,2015.0,-26.0,0.9870967741935484,90.25,-35.60000000000002,20
2101,2015,112.0,5.63097033685269,2109.0,-8.0,0.9962067330488383,97.5,-25.30000000000001,21
2233,2015,132.0,6.282722513089005,2209.8,23.199999999999818,1.0104986876640418,112.0,-8.800000000000068,22
2344,2015,111.0,4.970891177787729,2299.8,44.19999999999982,1.0192190625271762,111.75,8.349999999999909,23
2433,2015,89.0,3.7969283276450514,2390.2,42.80000000000018,1.0179064513429839,111.0,25.549999999999955,24
2506,2015,73.0,3.0004110152075625,2472.6,33.40000000000009,1.0135080482083636,101.25,35.89999999999998,25
2579,2015,73.0,2.9130087789305663,2548.2,30.800000000000182,1.0120869633466762,86.5,37.80000000000007,26
2666,2015,87.0,3.3734005428460647,2624.4,41.59999999999991,1.0158512421886907,80.5,37.15000000000009,27
2764,2015,98.0,3.675918979744936,2694.2,69.80000000000018,1.025907505010764,82.75,43.90000000000009,28
2823,2015,59.0,2.134587554269175,2746.4,76.59999999999991,1.027891057384212,79.25,54.700000000000045,29
2872,2015,49.0,1.7357421183138506,2800.0,72.0,1.0257142857142858,73.25,65.0,30
2910,2015,38.0,1.3231197771587744,2852.2,57.80000000000018,1.0202650585512938,61.0,69.05000000000007,31
2975,2015,65.0,2.2336769759450172,2908.6,66.40000000000009,1.0228288523688374,52.75,68.20000000000005,32
3027,2015,52.0,1.7478991596638656,2971.8,55.19999999999982,1.0185746012517665,51.0,62.85000000000002,33
3094,2015,67.0,2.2134126197555335,3038.0,56.0,1.0184331797235022,55.5,58.85000000000002,34
3190,2015,96.0,3.1027795733678087,3103.0,87.0,1.02803738317757,70.0,66.14999999999998,35
3262,2015,72.0,2.25705329153605,3171.0,91.0,1.0286975717439293,71.75,72.29999999999995,36
3336,2015,74.0,2.2685469037400368,3244.4,91.59999999999991,1.0282332634693625,77.25,81.39999999999998,37
3441,2015,105.0,3.147482014388489,3340.2,100.80000000000018,1.030177833662655,86.75,92.60000000000002,38
3537,2015,96.0,2.789886660854403,3437.0,100.0,1.0290951411114344,86.75,95.85000000000002,39
3634,2015,97.0,2.7424370935821316,3532.6,101.40000000000009,1.0287040706561739,93.0,98.45000000000005,40
3731,2015,97.0,2.6692350027517886,3616.8,114.19999999999982,1.0315748728157488,98.75,104.10000000000002,41
3813,2015,82.0,2.197802197802198,3701.4,111.59999999999991,1.0301507537688441,93.0,106.79999999999995,42
3875,2015,62.0,1.6260162601626018,3766.8,108.19999999999982,1.0287246469151534,84.5,108.84999999999991,43
3931,2015,56.0,1.4451612903225806,3815.2,115.80000000000018,1.030352275110086,74.25,112.44999999999993,44
3985,2015,54.0,1.3736962604935132,3836.8,148.19999999999982,1.0386259382819016,63.5,120.94999999999993,45
4000,2015,15.0,0.37641154328732745,3821.8,178.19999999999982,1.0466272437071535,46.75,137.5999999999999,46
4009,2015,9.0,0.22499999999999998,3788.4,220.5999999999999,1.0582303874986803,33.5,165.69999999999993,47
3956,2015,-53.0,-1.3220254427538038,3722.6,233.4000000000001,1.0626981142212433,6.25,195.0999999999999,48
3880,2015,-76.0,-1.9211324570273005,3661.4,218.5999999999999,1.0597039383842246,-26.25,212.69999999999993,49
3846,2015,-34.0,-0.8762886597938144,3548.4,297.5999999999999,1.0838687859316876,-38.5,242.54999999999995,50
3814,2015,-32.0,-0.8320332813312533,3466.4,347.5999999999999,1.1002769443803369,-48.75,274.29999999999995,51
3756,2015,-58.0,-1.5207131620346093,3387.8,368.1999999999998,1.1086841017769644,-50.0,307.9999999999999,52
3643,2016,-113.0,-3.0085197018104366,3248.4,394.5999999999999,1.1214751877847555,-59.25,351.9999999999999,53
3475,2016,-168.0,-4.611583859456491,3063.0,412.0,1.1345086516487104,-92.75,380.5999999999999,1
3297,2016,-178.0,-5.122302158273381,2890.4,406.5999999999999,1.1406725712704124,-129.25,395.3499999999999,2
3086,2016,-211.0,-6.399757355171368,2716.2,369.8000000000002,1.1361460864442972,-167.5,395.75,3
2934,2016,-152.0,-4.92546986390149,2571.6,362.4000000000001,1.1409239384041063,-177.25,387.70000000000005,4
2864,2016,-70.0,-2.3858214042263124,2422.4,441.5999999999999,1.1822985468956406,-152.75,395.1,5
2701,2016,-163.0,-5.6913407821229045,2259.6,441.4000000000001,1.1953443087272084,-149.0,403.80000000000007,6
2584,2016,-117.0,-4.331728989263236,2122.4,461.5999999999999,1.2174896343761779,-125.5,426.75,7
2536,2016,-48.0,-1.8575851393188854,1991.2,544.8,1.273603856970671,-99.5,472.34999999999997,8
2479,2016,-57.0,-2.2476340694006307,1859.8,619.2,1.3329390257016884,-96.25,516.75,9
2478,2016,-1.0,-0.04033884630899556,1831.0,647.0,1.3533588203167668,-55.75,568.15,10
2493,2016,15.0,0.6053268765133172,1815.4,677.5999999999999,1.3732510741434394,-22.75,622.15,11
2468,2016,-25.0,-1.0028078620136383,1782.4,685.5999999999999,1.3846499102333931,-17.0,657.3499999999999,12
2480,2016,12.0,0.48622366288492713,1787.0,693.0,1.387800783435926,0.25,675.8,13
2477,2016,-3.0,-0.12096774193548387,1814.8,662.2,1.3648886929689221,-0.25,679.5999999999999,14
2484,2016,7.0,0.28259991925716593,1858.2,625.8,1.3367775266386825,-2.25,666.65,15
2557,2016,73.0,2.938808373590982,1920.2,636.8,1.3316321216539944,22.25,654.45,16
2625,2016,68.0,2.6593664450527963,1987.4,637.5999999999999,1.3208211733923718,36.25,640.5999999999999,17
2681,2016,56.0,2.1333333333333333,2073.8,607.1999999999998,1.292795833735172,51.0,626.8499999999999,18
2754,2016,73.0,2.7228646027601644,2161.2,592.8000000000002,1.2742920599666854,67.5,618.5999999999999,19
2825,2016,71.0,2.578068264342774,2252.6,572.4000000000001,1.2541063659770932,67.0,602.5,20
2907,2016,82.0,2.9026548672566372,2353.6,553.4000000000001,1.2351291638341264,70.5,581.45,21
2972,2016,65.0,2.2359821121431027,2442.8,529.1999999999998,1.2166366464712624,72.75,561.95,22
3041,2016,69.0,2.321668909825034,2527.6,513.4000000000001,1.2031175818958697,71.75,542.1,23
3103,2016,62.0,2.038803025320618,2606.8,496.1999999999998,1.1903483197790394,69.5,523.05,24
3140,2016,37.0,1.192394456977119,2671.0,469.0,1.1755896667914638,58.25,501.94999999999993,25
3179,2016,39.0,1.2420382165605097,2738.0,441.0,1.1610664718772827,51.75,479.9,26
3243,2016,64.0,2.0132117017930167,2808.6,434.4000000000001,1.1546678060243538,50.5,460.15,27
3277,2016,34.0,1.0484119642306506,2859.0,418.0,1.1462049667715986,43.5,440.6,28
3294,2016,17.0,0.5187671650900214,2907.0,387.0,1.13312693498452,38.5,420.1,29
3288,2016,-6.0,-0.18214936247723132,2953.2,334.8000000000002,1.1133685493701748,27.25,393.55000000000007,30
3317,2016,29.0,0.8819951338199513,3005.4,311.5999999999999,1.1036800425900046,18.5,362.85,31
3339,2016,22.0,0.6632499246306903,3058.4,280.5999999999999,1.0917473188595344,15.5,328.5,32
3350,2016,11.0,0.32943995208146154,3116.0,234.0,1.0750962772785622,14.0,290.25,33
3401,2016,51.0,1.5223880597014925,3178.2,222.80000000000018,1.070102573783903,28.25,262.25,34
3437,2016,36.0,1.058512202293443,3236.4,200.5999999999999,1.0619824496353973,30.0,234.5,35
3499,2016,62.0,1.803898748908932,3304.0,195.0,1.0590193704600483,40.0,213.10000000000002,36
3551,2016,52.0,1.4861388968276652,3388.2,162.80000000000018,1.0480491116226907,50.25,195.30000000000007,37
3600,2016,49.0,1.379892987890735,3475.4,124.59999999999991,1.035851988260344,49.75,170.75,38
3680,2016,80.0,2.2222222222222223,3564.4,115.59999999999991,1.03243182583324,60.75,149.5,39
3759,2016,79.0,2.1467391304347827,3643.8,115.19999999999982,1.03161534661617,65.0,129.54999999999995,40
3836,2016,77.0,2.0484171322160147,3725.2,110.80000000000018,1.0297433694835176,71.25,116.54999999999995,41
3909,2016,73.0,1.9030239833159541,3790.0,119.0,1.0313984168865435,77.25,115.14999999999998,42
3963,2016,54.0,1.3814274750575595,3841.8,121.19999999999982,1.0315477120099952,70.75,116.54999999999995,43
4017,2016,54.0,1.3626040878122634,3871.4,145.5999999999999,1.0376091336467428,64.5,124.14999999999998,44
4047,2016,30.0,0.7468259895444361,3860.6,186.4000000000001,1.0482826503652283,52.75,143.04999999999995,45
4045,2016,-2.0,-0.04941932295527551,3827.4,217.5999999999999,1.0568532162825939,34.0,167.69999999999993,46
3995,2016,-50.0,-1.2360939431396787,3755.6,239.4000000000001,1.0637448077537544,8.0,197.25,47
3953,2016,-42.0,-1.0513141426783479,3706.2,246.80000000000018,1.0665911175867466,-16.0,222.55000000000007,48
3806,2016,-147.0,-3.7186946622818113,3584.0,222.0,1.0619419642857142,-60.25,231.45000000000005,49
3597,2016,-209.0,-5.491329479768786,3476.2,120.80000000000018,1.0347505897244118,-112.0,207.2500000000001,50
3360,2016,-237.0,-6.58882402001668,3365.6,-5.599999999999909,0.9983361064891847,-158.75,146.0000000000001,51
3311,2016,-49.0,-1.4583333333333333,3235.2,75.80000000000018,1.0234297725024728,-160.5,103.25000000000011,52
3160,2017,-151.0,-4.560555723346421,3037.0,123.0,1.0405004939084623,-161.5,78.50000000000011,1
2917,2017,-243.0,-7.689873417721518,2854.2,62.80000000000018,1.022002662742625,-170.0,64.00000000000011,2
2798,2017,-119.0,-4.07953376756942,2682.6,115.40000000000009,1.043017967643331,-140.5,94.25000000000011,3
2711,2017,-87.0,-3.109363831308077,2536.2,174.80000000000018,1.0689220093052598,-150.0,119.00000000000011,4
2559,2017,-152.0,-5.606787163408336,2382.0,177.0,1.0743073047858942,-150.25,132.5000000000001,5
2445,2017,-114.0,-4.4548651817116065,2229.6,215.4000000000001,1.0966092572658774,-118.0,170.6500000000001,6
2356,2017,-89.0,-3.640081799591002,2091.0,265.0,1.1267336202773792,-110.5,208.05000000000007,7
2363,2017,7.0,0.29711375212224106,1977.2,385.79999999999995,1.1951244183694112,-87.0,260.8,8
2295,2017,-68.0,-2.877697841726619,1845.0,450.0,1.2439024390243902,-66.0,329.05,9
2242,2017,-53.0,-2.309368191721133,1803.4,438.5999999999999,1.2432072751469445,-50.75,384.84999999999997,10
2092,2017,-150.0,-6.6904549509366635,1748.0,344.0,1.196796338672769,-66.0,404.59999999999997,11
2049,2017,-43.0,-2.0554493307839388,1697.8,351.20000000000005,1.206855931205089,-78.5,395.95,12
2051,2017,2.0,0.09760858955588092,1701.6,349.4000000000001,1.2053361542078045,-61.0,370.8,13
2061,2017,10.0,0.48756704046806437,1726.4,334.5999999999999,1.1938137164040779,-45.25,344.8,14
2115,2017,54.0,2.6200873362445414,1772.0,343.0,1.1935665914221218,5.75,344.55,15
2189,2017,74.0,3.4988179669030735,1842.8,346.20000000000005,1.1878662904276103,35.0,343.3,16
2256,2017,67.0,3.0607583371402467,1917.4,338.5999999999999,1.1765933034317304,51.25,340.59999999999997,17
2301,2017,45.0,1.9946808510638299,2000.6,300.4000000000001,1.150154953513946,60.0,332.05,18
2369,2017,68.0,2.955236853541938,2086.2,282.8000000000002,1.135557472917266,63.5,317.00000000000006,19
2444,2017,75.0,3.1658927817644575,2178.4,265.5999999999999,1.1219243481454277,63.75,296.85,20
2525,2017,81.0,3.314238952536825,2283.2,241.80000000000018,1.1059039943938334,67.25,272.6500000000001,21
2631,2017,106.0,4.198019801980198,2380.2,250.80000000000018,1.1053692966977566,82.5,260.2500000000001,22
2709,2017,78.0,2.9646522234891677,2468.2,240.80000000000018,1.0975609756097562,85.0,249.7500000000001,23
2770,2017,61.0,2.2517534145441123,2548.2,221.80000000000018,1.0870418334510636,81.5,238.80000000000018,24
2816,2017,46.0,1.660649819494585,2613.8,202.19999999999982,1.0773586349376385,72.75,228.9000000000001,25
2878,2017,62.0,2.2017045454545454,2686.6,191.4000000000001,1.071242462592124,61.75,214.05000000000007,26
2936,2017,58.0,2.0152883947185547,2763.2,172.80000000000018,1.062536189924725,56.75,197.05000000000007,27
2963,2017,27.0,0.9196185286103543,2813.6,149.4000000000001,1.053099232300256,48.25,178.95000000000005,28
2980,2017,17.0,0.5737428282146473,2859.6,120.40000000000009,1.0421037907399637,41.0,158.5000000000001,29
2999,2017,19.0,0.6375838926174496,2905.0,94.0,1.0323580034423407,30.25,134.1500000000001,30
3029,2017,30.0,1.0003334444814937,2959.0,70.0,1.0236566407570125,23.25,108.45000000000005,31
3082,2017,53.0,1.7497523935292174,3013.2,68.80000000000018,1.0228328687110049,29.75,88.30000000000007,32
3125,2017,43.0,1.3951979234263465,3066.2,58.80000000000018,1.0191768312569305,36.25,72.90000000000009,33
3155,2017,30.0,0.96,3128.8,26.199999999999818,1.0083738174379953,39.0,55.950000000000045,34
3220,2017,65.0,2.0602218700475436,3194.6,25.40000000000009,1.007950917172729,47.75,44.80000000000007,35
3311,2017,91.0,2.8260869565217392,3267.0,44.0,1.0134680134680134,57.25,38.60000000000002,36
3408,2017,97.0,2.92962851102386,3354.6,53.40000000000009,1.0159184403505634,70.75,37.25,37
3466,2017,58.0,1.7018779342723005,3437.8,28.199999999999818,1.008202920472395,77.75,37.75,38
3508,2017,42.0,1.2117714945181766,3520.8,-12.800000000000182,0.9963644626221313,72.0,28.199999999999932,39
3595,2017,87.0,2.4800456100342076,3607.6,-12.599999999999909,0.9965073733229848,71.0,14.049999999999955,40
3645,2017,50.0,1.3908205841446455,3685.6,-40.59999999999991,0.9889841545474278,59.25,-9.450000000000045,41
3710,2017,65.0,1.7832647462277091,3750.6,-40.59999999999991,0.9891750653228817,61.0,-26.649999999999977,42
3775,2017,65.0,1.7520215633423182,3811.2,-36.19999999999982,0.9905016792611252,66.75,-32.499999999999886,43
3790,2017,15.0,0.3973509933774834,3847.4,-57.40000000000009,0.9850808338098456,48.75,-43.69999999999993,44
3772,2017,-18.0,-0.47493403693931396,3840.4,-68.40000000000009,0.9821893552754921,31.75,-50.64999999999998,45
3726,2017,-46.0,-1.2195121951219512,3797.4,-71.40000000000009,0.981197661557908,4.0,-58.35000000000002,46
3693,2017,-33.0,-0.8856682769726247,3733.4,-40.40000000000009,0.9891787646649167,-20.5,-59.40000000000009,47
3695,2017,2.0,0.05415651232060655,3684.0,11.0,1.002985884907709,-23.75,-42.30000000000007,48
3626,2017,-69.0,-1.8673883626522325,3564.4,61.59999999999991,1.0172820109976433,-36.5,-9.800000000000068,49
3444,2017,-182.0,-5.019305019305019,3434.4,9.599999999999909,1.002795248078267,-70.5,10.449999999999932,50
3332,2017,-112.0,-3.2520325203252036,3328.6,3.400000000000091,1.0010214504596526,-90.25,21.399999999999977,51
3126,2017,-206.0,-6.182472989195678,3197.2,-71.19999999999982,0.977730514199925,-142.25,0.8500000000000227,52
2767,2018,-359.0,-11.484325015994882,2957.0,-190.0,0.9357456881974975,-214.75,-62.049999999999955,1
2584,2018,-183.0,-6.613661004698229,2771.8,-187.80000000000018,0.932246193809077,-215.0,-111.39999999999998,2
2296,2018,-288.0,-11.145510835913312,2581.4,-285.4000000000001,0.8894398388471372,-259.0,-183.60000000000002,3
2197,2018,-99.0,-4.311846689895471,2438.8,-241.80000000000018,0.9008528784648187,-232.25,-226.2500000000001,4
2078,2018,-119.0,-5.41647701411015,2292.4,-214.4000000000001,0.906473564822893,-172.25,-232.35000000000014,5
1884,2018,-194.0,-9.33589990375361,2126.4,-242.4000000000001,0.8860045146726861,-175.0,-246.0000000000001,6
1760,2018,-124.0,-6.581740976645436,1997.2,-237.20000000000005,0.8812337272181053,-134.0,-233.9500000000001,7
1682,2018,-78.0,-4.431818181818182,1897.2,-215.20000000000005,0.8865696816360953,-128.75,-227.30000000000007,8
1625,2018,-57.0,-3.388822829964328,1782.4,-157.4000000000001,0.9116921005385996,-113.25,-213.05000000000007,9
1532,2018,-93.0,-5.723076923076923,1734.6,-202.5999999999999,0.8832007379222876,-88.0,-203.10000000000002,10
1446,2018,-86.0,-5.613577023498695,1681.0,-235.0,0.8602022605591909,-78.5,-202.55,11
1383,2018,-63.0,-4.356846473029045,1637.0,-254.0,0.8448381185094685,-74.75,-212.25,12
1354,2018,-29.0,-2.0968908170643528,1637.6,-283.5999999999999,0.8268197361993161,-67.75,-243.79999999999995,13
1335,2018,-19.0,-1.4032496307237814,1652.4,-317.4000000000001,0.807915758896151,-49.25,-272.5,14
1299,2018,-36.0,-2.696629213483146,1685.0,-386.0,0.7709198813056379,-36.75,-310.25,15
1281,2018,-18.0,-1.3856812933025404,1743.8,-462.79999999999995,0.7346025920403716,-25.5,-362.45,16
1343,2018,62.0,4.839968774395004,1812.8,-469.79999999999995,0.7408428949691086,-2.75,-409.0,17
1432,2018,89.0,6.626954579300075,1894.2,-462.20000000000005,0.7559919755041706,24.25,-445.2,18
1538,2018,106.0,7.402234636871509,1983.4,-445.4000000000001,0.7754361197942926,59.75,-460.05,19
1629,2018,91.0,5.9167750325097535,2075.8,-446.8000000000002,0.7847576837845649,87.0,-456.05000000000007,20
1725,2018,96.0,5.893186003683241,2177.8,-452.8000000000002,0.7920837542474056,95.5,-451.8000000000001,21
1817,2018,92.0,5.333333333333334,2274.2,-457.1999999999998,0.7989622724474541,96.25,-450.55000000000007,22
1913,2018,96.0,5.283434232250963,2363.0,-450.0,0.8095641134151502,93.75,-451.70000000000005,23
2008,2018,95.0,4.9660219550444324,2443.2,-435.1999999999998,0.8218729535036019,94.75,-448.79999999999995,24
2074,2018,66.0,3.286852589641434,2507.4,-433.4000000000001,0.8271516311717316,87.25,-443.94999999999993,25
2152,2018,78.0,3.7608486017357765,2579.6,-427.5999999999999,0.834237866335866,83.75,-436.54999999999995,26
2203,2018,51.0,2.369888475836431,2654.8,-451.8000000000002,0.8298176887147807,72.5,-437.0,27
2248,2018,45.0,2.0426690876078077,2706.0,-458.0,0.8307464892830746,60.0,-442.70000000000005,28
2272,2018,24.0,1.0676156583629894,2745.0,-473.0,0.8276867030965391,49.5,-452.6,29
2305,2018,33.0,1.4524647887323943,2778.0,-473.0,0.8297336213102952,38.25,-463.95000000000005,30
2353,2018,48.0,2.0824295010845986,2828.2,-475.1999999999998,0.8319779364967117,37.5,-469.79999999999995,31
2386,2018,33.0,1.4024649383765404,2877.8,-491.8000000000002,0.8291055667523802,34.5,-478.25,32
2435,2018,49.0,2.0536462699077953,2927.0,-492.0,0.8319098052613597,40.75,-483.0,33
2504,2018,69.0,2.833675564681725,2991.8,-487.8000000000002,0.8369543418677718,49.75,-486.70000000000005,34
2567,2018,63.0,2.515974440894569,3057.4,-490.4000000000001,0.8396022764440374,53.5,-490.5000000000001,35
2636,2018,69.0,2.687962602259447,3134.4,-498.4000000000001,0.8409903011740684,62.5,-492.1500000000001,36
2722,2018,86.0,3.2625189681335356,3222.0,-500.0,0.8448168839230292,71.75,-494.1500000000001,37
2768,2018,46.0,1.6899338721528288,3294.0,-526.0,0.8403157255616271,66.0,-503.70000000000005,38
2866,2018,98.0,3.540462427745665,3378.6,-512.5999999999999,0.8482803528088557,74.75,-509.25,39
2956,2018,90.0,3.14026517794836,3467.8,-511.8000000000002,0.8524136340042678,80.0,-512.6,40
3037,2018,81.0,2.740189445196211,3544.8,-507.8000000000002,0.8567479124351162,78.75,-514.5500000000001,41
3095,2018,58.0,1.9097793875535067,3613.8,-518.8000000000002,0.8564392052686922,81.75,-512.7500000000001,42
3143,2018,48.0,1.5508885298869144,3676.6,-533.5999999999999,0.8548659087200131,69.25,-518.0000000000001,43
3208,2018,65.0,2.0680878141902643,3722.2,-514.1999999999998,0.8618558916769653,63.0,-518.6,44
3247,2018,39.0,1.21571072319202,3732.0,-485.0,0.870042872454448,52.5,-512.9,45
3113,2018,-134.0,-4.126886356636896,3665.0,-552.0,0.8493860845839017,4.5,-521.1999999999999,46
3054,2018,-59.0,-1.8952778670093158,3621.6,-567.5999999999999,0.8432736911862161,-22.25,-529.6999999999999,47
2991,2018,-63.0,-2.06286836935167,3575.6,-584.5999999999999,0.8365029645374203,-54.25,-547.3,48
2914,2018,-77.0,-2.5743898361751922,3497.6,-583.5999999999999,0.8331427264409881,-83.25,-571.9499999999999,49
2773,2018,-141.0,-4.838709677419355,3374.8,-601.8000000000002,0.8216783216783217,-85.0,-584.4,50
2725,2018,-48.0,-1.730977280923188,3278.6,-553.5999999999999,0.8311474409809065,-82.25,-580.9,51
2705,2018,-20.0,-0.7339449541284404,3174.8,-469.8000000000002,0.8520221746251732,-71.5,-552.2,52
2614,2019,-91.0,-3.364140480591497,2974.0,-360.0,0.878950907868191,-75.0,-496.30000000000007,1
2533,2019,-81.0,-3.098699311400153,2793.6,-260.5999999999999,0.9067153493699885,-60.0,-411.0,2
2370,2019,-163.0,-6.435057244374259,2618.6,-248.5999999999999,0.9050637745360116,-88.75,-334.75,3
2197,2019,-173.0,-7.29957805907173,2493.4,-296.4000000000001,0.8811261730969759,-127.0,-291.4,4
1960,2019,-237.0,-10.787437414656349,2345.8,-385.8000000000002,0.8355358513087219,-163.5,-297.85,5
1882,2019,-78.0,-3.9795918367346936,2214.0,-332.0,0.8500451671183379,-162.75,-315.70000000000005,6
1705,2019,-177.0,-9.404888416578109,2068.6,-363.5999999999999,0.8242289471139902,-166.25,-344.45000000000005,7
1539,2019,-166.0,-9.736070381231672,1965.8,-426.79999999999995,0.7828873740970598,-164.5,-377.05,8
1390,2019,-149.0,-9.6816114359974,1860.0,-470.0,0.7473118279569892,-142.5,-398.09999999999997,9
1190,2019,-200.0,-14.388489208633093,1782.0,-592.0,0.6677890011223344,-173.0,-463.09999999999997,10
1143,2019,-47.0,-3.949579831932773,1730.6,-587.5999999999999,0.660464578758812,-140.5,-519.0999999999999,11
1107,2019,-36.0,-3.149606299212598,1693.6,-586.5999999999999,0.6536372224846482,-108.0,-559.05,12
1130,2019,23.0,2.077687443541102,1698.2,-568.2,0.6654104345777883,-65.0,-583.5999999999999,13
1155,2019,25.0,2.2123893805309733,1713.4,-558.4000000000001,0.6740982841134586,-8.75,-575.2,14
1247,2019,92.0,7.965367965367966,1754.6,-507.5999999999999,0.7107032941981078,26.0,-555.2,15
1339,2019,92.0,7.377706495589415,1815.4,-476.4000000000001,0.7375784950974992,58.0,-527.6500000000001,16
1462,2019,123.0,9.185959671396565,1894.2,-432.20000000000005,0.7718297962200401,83.0,-493.65000000000003,17
1547,2019,85.0,5.813953488372093,1971.6,-424.5999999999999,0.7846419151957801,98.0,-460.2,18
1653,2019,106.0,6.851971557853911,2060.6,-407.5999999999999,0.8021935358633409,101.5,-435.2,19
1753,2019,100.0,6.049606775559589,2150.4,-397.4000000000001,0.8151971726190476,103.5,-415.45,20
1867,2019,114.0,6.503137478608101,2251.4,-384.4000000000001,0.8292617926623433,101.25,-403.5,21
1986,2019,119.0,6.373861810391002,2350.0,-364.0,0.8451063829787234,109.75,-388.35,22
2088,2019,102.0,5.13595166163142,2436.8,-348.8000000000002,0.8568614576493762,108.75,-373.6500000000001,23
2203,2019,115.0,5.507662835249042,2518.0,-315.0,0.874900714853058,112.5,-353.05000000000007,24
2301,2019,98.0,4.448479346345892,2582.0,-281.0,0.8911696359411309,108.5,-327.20000000000005,25
2390,2019,89.0,3.867883528900478,2653.0,-263.0,0.900866943083302,101.0,-301.95000000000005,26
2471,2019,81.0,3.3891213389121337,2723.4,-252.4000000000001,0.9073217301902033,95.75,-277.85,27
2533,2019,62.0,2.5091056252529342,2768.8,-235.80000000000018,0.9148367523837041,82.5,-258.05000000000007,28
2569,2019,36.0,1.421239636794315,2797.4,-228.4000000000001,0.9183527561306928,67.0,-244.9000000000001,29
2634,2019,65.0,2.53016738030362,2827.2,-193.19999999999982,0.9316638370118846,61.0,-227.45000000000005,30
2689,2019,55.0,2.088078967350038,2872.6,-183.5999999999999,0.9360857759520992,54.5,-210.25,31
2738,2019,49.0,1.822238750464857,2914.4,-176.4000000000001,0.9394729618446335,51.25,-195.39999999999998,32
2797,2019,59.0,2.154857560262966,2960.2,-163.19999999999982,0.9448685899601379,57.0,-179.0999999999999,33
2857,2019,60.0,2.1451555237754736,3021.4,-164.4000000000001,0.945588137949295,55.75,-171.89999999999998,34
2941,2019,84.0,2.9401470073503675,3085.4,-144.4000000000001,0.9531989369287612,63.0,-162.10000000000002,35
3019,2019,78.0,2.652159129547773,3160.2,-141.19999999999982,0.9553192835896462,70.25,-153.29999999999995,36
3103,2019,84.0,2.782378270950646,3245.0,-142.0,0.9562403697996918,76.5,-148.0,37
3205,2019,102.0,3.287141475990976,3315.2,-110.19999999999982,0.96675916988417,87.0,-134.44999999999993,38
3317,2019,112.0,3.4945397815912638,3401.0,-84.0,0.9753013819464863,94.0,-119.34999999999991,39
3415,2019,98.0,2.954476936991257,3491.2,-76.19999999999982,0.9781736938588451,99.0,-103.09999999999991,40
3519,2019,104.0,3.0453879941434847,3570.0,-51.0,0.9857142857142858,104.0,-80.34999999999991,41
3606,2019,87.0,2.47229326513214,3639.0,-33.0,0.9909315746084089,100.25,-61.049999999999955,42
3695,2019,89.0,2.4681087077093733,3701.4,-6.400000000000091,0.9982709245150483,94.5,-41.64999999999998,43
3729,2019,34.0,0.9201623815967523,3745.8,-16.800000000000182,0.9955149767739868,78.5,-26.800000000000068,44
3732,2019,3.0,0.08045052292839903,3759.6,-27.59999999999991,0.992658793488669,53.25,-20.950000000000045,45
3638,2019,-94.0,-2.5187566988210075,3706.2,-68.19999999999982,0.981598402676596,8.0,-29.75,46
3610,2019,-28.0,-0.7696536558548653,3661.6,-51.59999999999991,0.9859077998689098,-21.25,-41.049999999999955,47
3591,2019,-19.0,-0.5263157894736842,3622.0,-31.0,0.9914411927112092,-34.5,-44.59999999999991,48
3518,2019,-73.0,-2.0328599275967694,3542.0,-24.0,0.9932241671372106,-53.5,-43.69999999999993,49
3411,2019,-107.0,-3.0415008527572485,3407.8,3.199999999999818,1.0009390222430894,-56.75,-25.850000000000023,50
3250,2019,-161.0,-4.720023453532688,3284.6,-34.59999999999991,0.9894659928149546,-90.0,-21.600000000000023,51
3192,2019,-58.0,-1.7846153846153845,3195.4,-3.400000000000091,0.9989359704575327,-99.75,-14.700000000000045,52
3148,2020,-44.0,-1.3784461152882206,3032.8,115.19999999999982,1.0379847006067,-92.5,20.09999999999991,1
3039,2020,-109.0,-3.462515883100381,2874.0,165.0,1.05741127348643,-93.0,60.549999999999955,2
2947,2020,-92.0,-3.0273116156630473,2699.4,247.5999999999999,1.0917240868341112,-75.75,131.0999999999999,3
2746,2020,-201.0,-6.820495419070241,2557.0,189.0,1.073914743840438,-111.5,179.19999999999993,4
2609,2020,-137.0,-4.989075018208303,2414.0,195.0,1.0807787903893953,-134.75,199.14999999999998,5
2494,2020,-115.0,-4.407819087773094,2281.2,212.80000000000018,1.0932842363668245,-136.25,211.10000000000002,6
2343,2020,-151.0,-6.054530874097835,2149.6,193.4000000000001,1.0899702270189804,-151.0,197.55000000000007,7
2200,2020,-143.0,-6.103286384976526,2064.0,136.0,1.065891472868217,-136.5,184.30000000000007,8
2091,2020,-109.0,-4.954545454545454,1976.0,115.0,1.0581983805668016,-129.5,164.30000000000007,9
2043,2020,-48.0,-2.295552367288379,1897.0,146.0,1.076963626779125,-112.75,147.60000000000002,10
2034,2020,-9.0,-0.4405286343612335,1841.6,192.4000000000001,1.1044743701129454,-77.25,147.35000000000002,11
2005,2020,-29.0,-1.4257620452310718,1802.4,202.5999999999999,1.1124056813138037,-48.75,164.0,12
1986,2020,-19.0,-0.9476309226932668,1800.2,185.79999999999995,1.1032107543606267,-26.25,181.7,13
2024,2020,38.0,1.9133937562940584,1810.4,213.5999999999999,1.1179849756959788,-4.75,198.59999999999997,14
2097,2020,73.0,3.6067193675889326,1848.4,248.5999999999999,1.1344946981172905,15.75,212.64999999999992,15
2140,2020,43.0,2.0505484024797327,1901.2,238.79999999999995,1.1256048811277088,33.75,221.69999999999993,16
2210,2020,70.0,3.2710280373831773,1979.2,230.79999999999995,1.1166127728375101,56.0,232.94999999999993,17
2319,2020,109.0,4.932126696832579,2056.0,263.0,1.1279182879377432,73.75,245.29999999999995,18
2422,2020,103.0,4.4415696420871065,2147.2,274.8000000000002,1.1279806259314458,81.25,251.85000000000002,19
2503,2020,81.0,3.3443435177539227,2230.8,272.1999999999998,1.1220190066343911,90.75,260.2,20
2612,2020,109.0,4.35477427087495,2327.2,284.8000000000002,1.1223788243382606,100.5,273.70000000000005,21
2714,2020,102.0,3.9050535987748853,2424.0,290.0,1.1196369636963697,98.75,280.45000000000005,22
2807,2020,93.0,3.4266764922623434,2511.6,295.4000000000001,1.1176142697881828,96.25,285.6,23
2892,2020,85.0,3.0281439258995366,2595.2,296.8000000000002,1.1143649815043157,97.25,291.7500000000001,24
3012,2020,120.0,4.149377593360995,2668.6,343.4000000000001,1.1286817057633216,100.0,306.4000000000001,25
3077,2020,65.0,2.158034528552457,2735.2,341.8000000000002,1.124963439602223,90.75,319.35000000000014,26
3133,2020,56.0,1.8199545011374714,2797.2,335.8000000000002,1.1200486200486202,81.5,329.45000000000016,27
3178,2020,45.0,1.4363230130864986,2839.8,338.1999999999998,1.1190928938657652,71.5,339.80000000000007,28
3215,2020,37.0,1.1642542479546885,2866.0,349.0,1.1217725052337753,50.75,341.20000000000005,29
3241,2020,26.0,0.8087091757387248,2893.4,347.5999999999999,1.1201354807492914,41.0,342.65,30
3274,2020,33.0,1.0182042579450787,2932.4,341.5999999999999,1.116491610967126,35.25,344.0999999999999,31
3332,2020,58.0,1.77153329260843,2975.4,356.5999999999999,1.1198494320091417,38.5,348.69999999999993,32
3375,2020,43.0,1.290516206482593,3016.4,358.5999999999999,1.118883437209919,40.0,351.0999999999999,33
3420,2020,45.0,1.3333333333333335,3067.4,352.5999999999999,1.1149507726413248,44.75,352.3499999999999,34
3455,2020,35.0,1.023391812865497,3124.0,331.0,1.1059539052496798,45.25,349.69999999999993,35
3525,2020,70.0,2.0260492040520983,3198.0,327.0,1.102251407129456,48.25,342.29999999999995,36
3614,2020,89.0,2.524822695035461,3279.6,334.4000000000001,1.101963654104159,59.75,336.25,37
3680,2020,66.0,1.8262313226342002,3343.8,336.1999999999998,1.1005442909264909,65.0,332.15,38
3756,2020,76.0,2.0652173913043477,3425.4,330.5999999999999,1.096514275705027,75.25,332.04999999999995,39
3831,2020,75.0,1.996805111821086,3511.2,319.8000000000002,1.09107997265892,76.5,330.25,40
3877,2020,46.0,1.2007308796658835,3582.8,294.1999999999998,1.0821145472814557,65.75,320.19999999999993,41
3926,2020,49.0,1.263863812225948,3649.2,276.8000000000002,1.0758522415871972,61.5,305.35,42
3955,2020,29.0,0.738665308201732,3706.2,248.80000000000018,1.0671307538718904,49.75,284.9000000000001,43
3919,2020,-36.0,-0.9102402022756004,3732.6,186.4000000000001,1.0499383807533622,22.0,251.55000000000007,44
3927,2020,8.0,0.20413370757846389,3745.0,182.0,1.0485981308411214,12.5,223.5000000000001,45
3958,2020,31.0,0.789406671759613,3696.0,262.0,1.0708874458874458,8.0,219.80000000000007,46
3940,2020,-18.0,-0.4547751389590703,3658.4,281.5999999999999,1.0769735403455063,-3.75,228.0,47
3939,2020,-1.0,-0.025380710659898477,3633.8,305.1999999999998,1.0839892123947383,5.0,257.69999999999993,48
3848,2020,-91.0,-2.31023102310231,3542.4,305.5999999999999,1.0862691960252935,-19.75,288.5999999999999,49
3726,2020,-122.0,-3.170478170478171,3390.2,335.8000000000002,1.0990502035278156,-58.0,307.04999999999995,50
3574,2020,-152.0,-4.079441760601181,3248.2,325.8000000000002,1.1003017055600026,-91.5,318.1,51
3460,2020,-114.0,-3.18970341354225,3158.8,301.1999999999998,1.0953526655692034,-119.75,317.1,52
3330,2021,-130.0,-3.7572254335260116,3003.8,326.1999999999998,1.1085957786803382,-129.5,322.25,53
3196,2021,-134.0,-4.024024024024024,2853.8,342.1999999999998,1.119910295045203,-132.5,323.8499999999999,1
3009,2021,-187.0,-5.851063829787234,2684.0,325.0,1.1210879284649777,-141.25,323.64999999999986,2
2881,2021,-128.0,-4.253904951811233,2546.4,334.5999999999999,1.1314011938422872,-144.75,331.9999999999999,3
2689,2021,-192.0,-6.6643526553280115,2379.0,310.0,1.130306851618327,-160.25,327.94999999999993,4
2518,2021,-171.0,-6.359241353663071,2244.6,273.4000000000001,1.1218034393655885,-169.5,310.75,5
2281,2021,-237.0,-9.412231930103257,2089.0,192.0,1.0919100047869794,-182.0,277.5,6
1943,2021,-338.0,-14.818062253397631,1945.4,-2.400000000000091,0.9987663205510434,-234.5,193.25,7
1845,2021,-98.0,-5.043746783324756,1849.2,-4.2000000000000455,0.9977287475665152,-211.0,114.69999999999999,8
1793,2021,-52.0,-2.8184281842818426,1760.0,33.0,1.01875,-181.25,54.599999999999966,9
1782,2021,-11.0,-0.6134969325153374,1699.4,82.59999999999991,1.0486053901376955,-124.75,27.249999999999943,10
1750,2021,-32.0,-1.7957351290684627,1658.8,91.20000000000005,1.0549795032553653,-48.25,50.64999999999998,11
1764,2021,14.0,0.8,1657.0,107.0,1.0645745322872662,-20.25,78.44999999999999,12
1784,2021,20.0,1.1337868480725624,1671.8,112.20000000000005,1.0671132910635244,-2.25,98.25,13
1845,2021,61.0,3.4192825112107625,1720.6,124.40000000000009,1.0723003603394166,15.75,108.70000000000005,14
1883,2021,38.0,2.059620596205962,1766.4,116.59999999999991,1.066009963768116,33.25,115.05000000000001,15
1898,2021,15.0,0.7966011683483802,1833.8,64.20000000000005,1.0350092703675429,33.5,104.35000000000002,16
1958,2021,60.0,3.1612223393045316,1911.4,46.59999999999991,1.0243800355760175,43.5,87.94999999999999,17
2029,2021,71.0,3.626149131767109,2002.2,26.799999999999955,1.0133852761961841,46.0,63.549999999999955,18
2100,2021,71.0,3.4992607195662893,2085.8,14.199999999999818,1.0068079393997507,54.25,37.94999999999993,19
2215,2021,115.0,5.476190476190476,2188.8,26.199999999999818,1.011970029239766,79.25,28.449999999999875,20
2313,2021,98.0,4.424379232505643,2292.2,20.800000000000182,1.0090742518104878,88.75,21.999999999999943,21
2411,2021,98.0,4.236921746649373,2385.6,25.40000000000009,1.0106472166331322,95.5,21.649999999999977,22
2427,2021,16.0,0.6636250518457071,2460.0,-33.0,0.9865853658536585,81.75,9.850000000000023,23
2482,2021,55.0,2.266172229089411,2537.0,-55.0,0.9783208513992905,66.75,-10.449999999999932,24
2558,2021,76.0,3.0620467365028206,2611.0,-53.0,0.9797012638835695,61.25,-28.899999999999977,25
2574,2021,16.0,0.6254886630179828,2663.4,-89.40000000000009,0.9664338815048434,40.75,-57.60000000000002,26
2629,2021,55.0,2.1367521367521367,2710.2,-81.19999999999982,0.970039111504686,50.5,-69.64999999999998,27
2678,2021,49.0,1.8638265500190185,2742.8,-64.80000000000018,0.9763745078022458,49.0,-72.10000000000002,28
2714,2021,36.0,1.344286781179985,2778.6,-64.59999999999991,0.9767508817390053,39.0,-75.0,29
2727,2021,13.0,0.47899778924097275,2814.4,-87.40000000000009,0.9689454235361,38.25,-74.5,30
2776,2021,49.0,1.796846351301797,2862.8,-86.80000000000018,0.9696800335336034,36.75,-75.90000000000009,31
2822,2021,46.0,1.6570605187319885,2910.8,-88.80000000000018,0.9694929229077917,36.0,-81.90000000000009,32
2851,2021,29.0,1.0276399716513112,2957.4,-106.40000000000009,0.9640224521539189,34.25,-92.35000000000014,33
2871,2021,20.0,0.701508242721852,3010.8,-139.80000000000018,0.9535671582303706,36.0,-105.45000000000016,34
2923,2021,52.0,1.8112156043190524,3082.8,-159.80000000000018,0.948164006747113,36.75,-123.70000000000016,35
3006,2021,83.0,2.8395484091686622,3170.6,-164.5999999999999,0.9480855358607204,46.0,-142.6500000000001,36
3082,2021,76.0,2.5282767797737855,3240.2,-158.19999999999982,0.9511758533423863,57.75,-155.60000000000002,37
3170,2021,88.0,2.855288773523686,3323.4,-153.4000000000001,0.9538424505024974,74.75,-159.0,38
3288,2021,118.0,3.722397476340694,3417.0,-129.0,0.9622475856014048,91.25,-151.29999999999995,39
3369,2021,81.0,2.4635036496350367,3489.4,-120.40000000000009,0.965495500659139,90.75,-140.25,40
3461,2021,92.0,2.730780647076284,3559.6,-98.59999999999991,0.9723002584560063,94.75,-125.35000000000002,41
3548,2021,87.0,2.513724357122219,3623.2,-75.19999999999982,0.9792448664164275,94.5,-105.79999999999995,42
3611,2021,63.0,1.7756482525366404,3651.4,-40.40000000000009,0.9889357506709755,80.75,-83.64999999999998,43
3618,2021,7.0,0.1938521185267239,3659.2,-41.19999999999982,0.9887407083515523,62.25,-63.84999999999991,44
3644,2021,26.0,0.7186290768380321,3615.8,28.199999999999818,1.0077991039327396,45.75,-32.14999999999998,45
3623,2021,-21.0,-0.5762897914379802,3584.0,39.0,1.0108816964285714,18.75,-3.6000000000000227,46
3564,2021,-59.0,-1.6284846812034226,3556.0,8.0,1.0022497187851518,-11.75,8.5,47
3505,2021,-59.0,-1.655443322109989,3482.2,22.800000000000182,1.006547584860146,-28.25,24.5,48
3417,2021,-88.0,-2.5106990014265333,3354.2,62.80000000000018,1.0187227953014133,-56.75,33.15000000000009,49
3362,2021,-55.0,-1.6095990635059996,3248.6,113.40000000000009,1.0349073447023334,-65.25,51.750000000000114,50
3226,2021,-136.0,-4.045211183819155,3141.8,84.19999999999982,1.026799923610669,-84.5,70.80000000000007,51
3195,2021,-31.0,-0.9609423434593924,3010.8,184.19999999999982,1.0611797528895974,-77.5,111.14999999999998,52
3016,2022,-179.0,-5.602503912363067,2873.6,142.4000000000001,1.049554565701559,-100.25,131.04999999999995,1
2810,2022,-206.0,-6.830238726790451,2686.4,123.59999999999991,1.0460095294818343,-138.0,133.5999999999999,2
2591,2022,-219.0,-7.7935943060498225,2522.4,68.59999999999991,1.027196320964161,-158.75,129.69999999999993,3
2323,2022,-268.0,-10.343496719413354,2331.8,-8.800000000000182,0.9962260914315121,-218.0,81.44999999999993,4
2101,2022,-222.0,-9.556607834696514,2175.8,-74.80000000000018,0.9656218402426693,-228.75,27.149999999999864,5
1911,2022,-190.0,-9.043312708234176,2000.0,-89.0,0.9555,-224.75,-26.000000000000114,6
1782,2022,-129.0,-6.750392464678178,1829.2,-47.200000000000045,0.9741963699978132,-202.25,-54.9500000000001,7
1643,2022,-139.0,-7.800224466891134,1718.8,-75.79999999999995,0.9558994647428438,-170.0,-71.70000000000005,8
1519,2022,-124.0,-7.547169811320755,1615.4,-96.40000000000009,0.9403243778630679,-145.5,-77.10000000000002,9
1440,2022,-79.0,-5.200789993416722,1569.0,-129.0,0.9177820267686424,-117.75,-87.10000000000002,10
1389,2022,-51.0,-3.5416666666666665,1526.8,-137.79999999999995,0.909745873722819,-98.25,-109.75,11
1415,2022,26.0,1.8718502519798417,1529.8,-114.79999999999995,0.9249575107857236,-57.0,-119.5,12
1382,2022,-33.0,-2.3321554770318023,1536.0,-154.0,0.8997395833333334,-34.25,-133.89999999999998,13
1397,2022,15.0,1.085383502170767,1577.0,-180.0,0.885859226379201,-10.75,-146.64999999999998,14
1450,2022,53.0,3.7938439513242663,1618.6,-168.5999999999999,0.8958359075744471,15.25,-154.34999999999997,15
1490,2022,40.0,2.7586206896551726,1680.6,-190.5999999999999,0.8865881232893015,18.75,-173.29999999999995,16
1567,2022,77.0,5.167785234899329,1764.6,-197.5999999999999,0.8880199478635386,46.25,-184.19999999999993,17
1643,2022,76.0,4.850031908104659,1857.0,-214.0,0.884760366182014,61.5,-192.69999999999993,18
1732,2022,89.0,5.4169202678028,1943.4,-211.4000000000001,0.8912215704435525,70.5,-203.39999999999998,19
1819,2022,87.0,5.023094688221709,2047.6,-228.5999999999999,0.8883571009962884,82.25,-212.89999999999998,20
1901,2022,82.0,4.507971412864211,2146.2,-245.19999999999982,0.885751560898332,83.5,-224.79999999999995,21
2003,2022,102.0,5.365597054182009,2244.4,-241.4000000000001,0.8924434147210836,90.0,-231.64999999999998,22
2095,2022,92.0,4.593110334498253,2325.0,-230.0,0.9010752688172043,90.75,-236.29999999999995,23
2169,2022,74.0,3.532219570405728,2407.6,-238.5999999999999,0.9008971589965111,87.5,-238.79999999999995,24
2251,2022,82.0,3.780544029506685,2485.6,-234.5999999999999,0.9056163501770197,87.5,-236.14999999999998,25
2311,2022,60.0,2.665482007996446,2538.4,-227.4000000000001,0.910416010085093,77.0,-232.64999999999998,26
2369,2022,58.0,2.5097360450021635,2591.4,-222.4000000000001,0.914177664582851,68.5,-230.75,27
2401,2022,32.0,1.3507809202195018,2627.0,-226.0,0.9139703083365055,58.0,-227.60000000000002,28
2416,2022,15.0,0.6247396917950854,2662.0,-246.0,0.9075882794891059,41.25,-230.45000000000005,29
2457,2022,41.0,1.6970198675496688,2700.0,-243.0,0.91,36.5,-234.35000000000002,30
2501,2022,44.0,1.7908017908017908,2746.6,-245.5999999999999,0.9105803538920848,33.0,-240.14999999999998,31
2519,2022,18.0,0.7197121151539384,2789.6,-270.5999999999999,0.9029968454258676,29.5,-251.29999999999995,32
2579,2022,60.0,2.3818975784041285,2842.2,-263.1999999999998,0.9073956794032793,40.75,-255.5999999999999,33
2640,2022,61.0,2.365257851880574,2894.8,-254.80000000000018,0.9119801022523144,45.75,-258.54999999999995,34
2694,2022,54.0,2.0454545454545454,2959.4,-265.4000000000001,0.9103196593904169,48.25,-263.5,35
2771,2022,77.0,2.858203414996288,3043.2,-272.1999999999998,0.9105546792849633,63.0,-263.9,36
2874,2022,103.0,3.7170696499458677,3121.8,-247.80000000000018,0.9206227176628867,73.75,-260.05000000000007,37
2977,2022,103.0,3.5838552540013917,3217.2,-240.19999999999982,0.9253388039288823,84.25,-256.4,38
3106,2022,129.0,4.3332213637890495,3319.2,-213.19999999999982,0.935767654856592,103.0,-243.3499999999999,39
3231,2022,125.0,4.024468770122344,3406.6,-175.5999999999999,0.9484530029941878,115.0,-219.19999999999993,40
3342,2022,111.0,3.4354688950789227,3486.0,-144.0,0.9586919104991394,117.0,-193.2499999999999,41
3394,2022,52.0,1.5559545182525434,3547.0,-153.0,0.9568649563010995,104.25,-171.44999999999993,42
3501,2022,107.0,3.1526222746022388,3593.6,-92.59999999999991,0.9742319679430098,98.75,-141.29999999999995,43
3580,2022,79.0,2.2564981433876037,3620.8,-40.80000000000018,0.9887317719840919,87.25,-107.60000000000002,44
3644,2022,64.0,1.7877094972067038,3599.4,44.59999999999991,1.0123909540478968,75.5,-60.450000000000045,45
3564,2022,-80.0,-2.1953896816684964,3558.2,5.800000000000182,1.0016300376594909,42.5,-20.75,46
3483,2022,-81.0,-2.272727272727273,3513.6,-30.59999999999991,0.9912909836065574,-4.5,-5.25,47
3462,2022,-21.0,-0.6029285099052542,3449.4,12.599999999999909,1.0036528091842059,-29.5,8.100000000000023,48
3412,2022,-50.0,-1.4442518775274409,3347.8,64.19999999999982,1.0191767728060217,-58.0,13.0,49
3325,2022,-87.0,-2.5498241500586167,3247.2,77.80000000000018,1.023959103227396,-59.75,31.0,50
3112,2022,-213.0,-6.406015037593985,3139.0,-27.0,0.9913985345651481,-92.75,31.899999999999977,51
2891,2022,-221.0,-7.101542416452442,3035.6,-144.5999999999999,0.9523652655158783,-142.75,-7.399999999999977,52
2902,2023,11.0,0.38049117952265654,2937.2,-35.19999999999982,0.9880157973580281,-127.5,-32.249999999999886,1
2820,2023,-82.0,-2.8256374913852516,2791.2,28.800000000000182,1.010318142734308,-126.25,-44.499999999999886,2
2734,2023,-86.0,-3.0496453900709217,2629.8,104.19999999999982,1.0396227850026618,-94.5,-11.699999999999932,3
2583,2023,-151.0,-5.523043160204828,2432.8,150.19999999999982,1.061739559355475,-77.0,62.0,4
2366,2023,-217.0,-8.401084010840108,2272.2,93.80000000000018,1.0412815773259396,-134.0,94.25,5
2266,2023,-100.0,-4.22654268808115,2101.2,164.80000000000018,1.0784313725490198,-138.5,128.25,6
2195,2023,-71.0,-3.1332744924977938,1931.8,263.20000000000005,1.136245988197536,-134.75,168.00000000000006,7
2114,2023,-81.0,-3.690205011389522,1816.6,297.4000000000001,1.163712429813938,-117.25,204.80000000000013,8
2030,2023,-84.0,-3.9735099337748347,1715.0,315.0,1.183673469387755,-84.0,260.1000000000001,9
1972,2023,-58.0,-2.857142857142857,1674.2,297.79999999999995,1.1778760004778401,-73.5,293.35,10
1900,2023,-72.0,-3.6511156186612577,1630.2,269.79999999999995,1.1655011655011656,-73.75,295.0,11
1853,2023,-47.0,-2.473684210526316,1629.6,223.4000000000001,1.137088856161021,-65.25,276.5,12
1830,2023,-23.0,-1.24123043712898,1635.0,195.0,1.1192660550458715,-50.0,246.5,13
1855,2023,25.0,1.366120218579235,1688.2,166.79999999999995,1.0988034593057694,-29.25,213.75,14
1930,2023,75.0,4.0431266846361185,1748.4,181.5999999999999,1.1038663921299474,7.5,191.7,15
2009,2023,79.0,4.093264248704663,1813.8,195.20000000000005,1.1076193626640203,39.0,184.64999999999998,16
2063,2023,54.0,2.687904430064709,1890.8,172.20000000000005,1.09107256187857,58.25,178.95,17
2141,2023,78.0,3.780901599612215,1977.6,163.4000000000001,1.0826254045307444,71.5,178.10000000000002,18
2240,2023,99.0,4.624007473143391,2065.6,174.4000000000001,1.0844306738962046,77.5,176.30000000000007,19
2336,2023,96.0,4.285714285714286,2169.8,166.19999999999982,1.0765969213752418,81.75,169.05,20
2446,2023,110.0,4.708904109589041,2272.0,174.0,1.0765845070422535,95.75,169.5,21
2550,2023,104.0,4.251839738348324,2371.8,178.19999999999982,1.0751328105236528,102.25,173.19999999999993,22
2634,2023,84.0,3.294117647058824,2450.2,183.80000000000018,1.0750142845482002,98.5,175.54999999999995,23
2729,2023,95.0,3.6066818526955204,2538.6,190.4000000000001,1.0750019695895376,98.25,181.60000000000002,24
2805,2023,76.0,2.784902894833272,2616.2,188.80000000000018,1.072165736564483,89.75,185.30000000000007,25
2881,2023,76.0,2.7094474153297683,2674.0,207.0,1.0774121166791324,82.75,192.5000000000001,26
2930,2023,49.0,1.7007983339118362,2727.8,202.19999999999982,1.0741256690373193,74.0,197.10000000000002,27
2971,2023,41.0,1.3993174061433447,2766.8,204.19999999999982,1.0738036721121873,60.5,200.54999999999995,28
2987,2023,16.0,0.5385392123864019,2798.4,188.5999999999999,1.0673956546598056,45.5,200.4999999999999,29
3001,2023,14.0,0.4686976899899564,2829.6,171.4000000000001,1.0605739327113373,30.0,191.5999999999999,30
3030,2023,29.0,0.9663445518160613,2875.4,154.5999999999999,1.0537664324963483,25.0,179.69999999999993,31
3065,2023,35.0,1.155115511551155,2915.6,149.4000000000001,1.0512415969268762,23.5,166.0,32
3083,2023,18.0,0.5872756933115824,2958.0,125.0,1.0422582826233941,24.0,150.10000000000002,33
3115,2023,32.0,1.0379500486539084,3004.4,110.59999999999991,1.0368126747437092,28.5,134.89999999999998,34
3148,2023,33.0,1.059390048154093,3061.8,86.19999999999982,1.028153373832386,29.5,117.79999999999995,35
3205,2023,57.0,1.8106734434561627,3139.8,65.19999999999982,1.0207656538633034,35.0,96.74999999999989,36
3269,2023,64.0,1.9968798751950079,3222.0,47.0,1.0145872129112352,46.5,77.24999999999989,37
3359,2023,90.0,2.7531355154481494,3315.8,43.19999999999982,1.0130285300681585,61.0,60.399999999999864,38
3445,2023,86.0,2.5602857993450434,3417.0,28.0,1.0081943225051215,74.25,45.84999999999991,39
3529,2023,84.0,2.4383164005805513,3505.0,24.0,1.0068473609129815,81.0,35.549999999999955,40
3626,2023,97.0,2.7486540096344574,3592.2,33.80000000000018,1.0094092756528033,89.25,32.25,41
3700,2023,74.0,2.0408163265306123,3658.4,41.59999999999991,1.0113710911874043,85.25,31.850000000000023,42
3779,2023,79.0,2.135135135135135,3707.8,71.19999999999982,1.0192027617455095,83.5,42.64999999999998,43
3773,2023,-6.0,-0.15877216194760518,3726.0,47.0,1.012614063338701,61.0,48.39999999999998,44
3833,2023,60.0,1.5902464882056717,3743.4,89.59999999999991,1.0239354597424801,51.75,62.34999999999991,45
3826,2023,-7.0,-0.1826245760500913,3712.6,113.40000000000009,1.0305446317944298,31.5,80.29999999999995,46
3836,2023,10.0,0.26136957658128596,3682.6,153.4000000000001,1.0416553521968175,14.25,100.85000000000002,47
3719,2023,-117.0,-3.0500521376433785,3610.4,108.59999999999991,1.03007976955462,-13.5,116.25,48
3664,2023,-55.0,-1.4788921753159452,3526.0,138.0,1.0391378332387975,-42.25,128.35000000000002,49
3577,2023,-87.0,-2.3744541484716155,3417.6,159.4000000000001,1.0466409176029963,-62.25,139.85000000000002,50
3490,2023,-87.0,-2.432205759015935,3296.0,194.0,1.0588592233009708,-86.5,150.0,51
3476,2023,-14.0,-0.40114613180515757,3208.0,268.0,1.0835411471321696,-60.75,189.85000000000002,52
3336,2024,-140.0,-4.027617951668585,3097.8,238.19999999999982,1.0768932791012977,-82.0,214.89999999999998,1
3182,2024,-154.0,-4.616306954436451,2953.6,228.4000000000001,1.0773293607800651,-98.75,232.14999999999998,2
2856,2024,-326.0,-10.245128849780013,2761.6,94.40000000000009,1.0341830822711473,-158.5,207.25,3
2659,2024,-197.0,-6.897759103641457,2572.6,86.40000000000009,1.0335847003031953,-204.25,161.85000000000002,4
2584,2024,-75.0,-2.8206092515983454,2412.6,171.4000000000001,1.0710436873082982,-188.0,145.1500000000001,5
2530,2024,-54.0,-2.089783281733746,2266.2,263.8000000000002,1.116406318948019,-163.0,154.0000000000001,6
2470,2024,-60.0,-2.371541501976284,2118.0,352.0,1.166194523135033,-96.5,218.4000000000001,7
2374,2024,-96.0,-3.8866396761133606,2013.4,360.5999999999999,1.1791000298003378,-71.25,286.95000000000005,8
2334,2024,-40.0,-1.6849199663016006,1943.8,390.20000000000005,1.200740816956477,-62.5,341.65000000000003,9
2325,2024,-9.0,-0.3856041131105398,1910.6,414.4000000000001,1.2168952161624622,-51.25,379.3,10
2332,2024,7.0,0.3010752688172043,1875.2,456.79999999999995,1.2436006825938566,-34.5,405.5,11
2296,2024,-36.0,-1.5437392795883362,1862.8,433.20000000000005,1.2325531458020185,-19.5,423.65000000000003,12
2259,2024,-37.0,-1.6114982578397212,1855.8,403.20000000000005,1.2172647914645975,-18.75,426.90000000000003,13
2283,2024,24.0,1.0624169986719787,1895.4,387.5999999999999,1.2044950933839822,-10.5,420.2,14
2333,2024,50.0,2.190100744634253,1947.2,385.79999999999995,1.1981306491372226,0.25,402.45,15
2425,2024,92.0,3.9434204886412347,2006.4,418.5999999999999,1.2086323763955342,32.25,398.79999999999995,16
2484,2024,59.0,2.4329896907216497,2078.2,405.8000000000002,1.1952651332884228,56.25,399.45,17
2569,2024,85.0,3.421900161030596,2160.8,408.1999999999998,1.18891151425398,71.5,404.59999999999997,18
2640,2024,71.0,2.7637212923316468,2243.0,397.0,1.1769950958537674,76.75,407.4,19
2719,2024,79.0,2.992424242424242,2340.2,378.8000000000002,1.1618665071361423,73.5,397.45000000000005,20
2804,2024,85.0,3.126149319602795,2435.6,368.4000000000001,1.1512563639349647,80.0,388.1,21
2900,2024,96.0,3.4236804564907275,2534.2,365.8000000000002,1.144345355536264,82.75,377.5000000000001,22
2974,2024,74.0,2.5517241379310347,2604.4,369.5999999999999,1.1419136845338658,83.5,370.6500000000001,23
3045,2024,71.0,2.387357094821789,2687.4,357.5999999999999,1.1330654163875864,81.5,365.35,24
3102,2024,57.0,1.87192118226601,2758.6,343.4000000000001,1.1244834336257523,74.5,359.1,25
3134,2024,32.0,1.0315925209542232,2806.6,327.4000000000001,1.1166536022233307,58.5,349.5,26
3199,2024,65.0,2.0740268028079134,2861.0,338.0,1.11814051031108,56.25,341.6,27
3209,2024,10.0,0.31259768677711786,2894.8,314.1999999999998,1.1085394500483625,41.0,330.75,28
3231,2024,22.0,0.6855718292302898,2917.8,313.1999999999998,1.1073411474398518,32.25,323.19999999999993,29
3249,2024,18.0,0.5571030640668524,2941.6,307.4000000000001,1.1045009518629318,28.75,318.19999999999993,30
3270,2024,21.0,0.6463527239150507,2981.8,288.1999999999998,1.096653028372124,17.75,305.7499999999999,31
3264,2024,-6.0,-0.1834862385321101,3009.0,255.0,1.0847457627118644,13.75,290.94999999999993,32
3299,2024,35.0,1.0723039215686274,3046.4,252.5999999999999,1.0829175420168067,17.0,275.79999999999995,33
3334,2024,35.0,1.0609275538041831,3083.0,251.0,1.0814142069412909,21.25,261.69999999999993,34
3347,2024,13.0,0.3899220155968806,3127.4,219.5999999999999,1.0702180725203043,19.25,244.54999999999995,35
3387,2024,40.0,1.1951000896325068,3196.6,190.4000000000001,1.059563285991366,30.75,228.39999999999998,36
3445,2024,58.0,1.7124298789489223,3270.0,175.0,1.0535168195718654,36.5,209.0,37
3493,2024,48.0,1.3933236574746009,3351.0,142.0,1.042375410325276,39.75,181.75,38
3548,2024,55.0,1.5745777268823362,3443.6,104.40000000000009,1.0303171100011617,50.25,152.95000000000005,39
3630,2024,82.0,2.3111612175873733,3527.2,102.80000000000018,1.029144930823316,60.75,131.05000000000007,40
3706,2024,76.0,2.09366391184573,3612.2,93.80000000000018,1.0259675543989812,65.25,110.75000000000011,41
3785,2024,79.0,2.1316783594171613,3676.4,108.59999999999991,1.0295397671635296,73.0,102.40000000000009,42
3864,2024,79.0,2.0871862615587844,3734.8,129.19999999999982,1.0345935525329335,79.0,108.60000000000002,43
3931,2024,67.0,1.7339544513457557,3765.8,165.19999999999982,1.043868500716979,75.25,124.19999999999993,44
3972,2024,41.0,1.0429916051895192,3810.2,161.80000000000018,1.0424649624691618,66.5,141.19999999999993,45
3969,2024,-3.0,-0.0755287009063444,3784.4,184.5999999999999,1.0487791988161927,46.0,160.19999999999993,46
3967,2024,-2.0,-0.05039052658100278,3757.8,209.19999999999982,1.0556708712544574,25.75,180.19999999999993,47
3937,2024,-30.0,-0.7562389715149987,3694.2,242.80000000000018,1.06572464945049,1.5,199.60000000000002,48
3747,2024,-190.0,-4.826009652019304,3593.2,153.80000000000018,1.0428030724702215,-56.25,197.60000000000002,49
3622,2024,-125.0,-3.3360021350413667,3492.0,130.0,1.0372279495990837,-86.75,183.95000000000005,50
3529,2024,-93.0,-2.567642186637217,3363.4,165.5999999999999,1.0492358922518878,-109.5,173.05000000000007,51
3413,2024,-116.0,-3.287050155851516,3261.0,152.0,1.0466114688745785,-131.0,150.35000000000002,52
3373,2025,-40.0,-1.1719894520949312,3164.6,208.4000000000001,1.0658535043923403,-93.5,164.0,1
3115,2025,-258.0,-7.648977171657279,2987.2,127.80000000000018,1.0427825388323515,-126.75,163.45000000000005,2
2892,2025,-223.0,-7.158908507223114,2790.8,101.19999999999982,1.03626200372653,-159.25,147.35000000000002,3
2571,2025,-321.0,-11.099585062240664,2565.0,6.0,1.0023391812865496,-210.5,110.85000000000002,4
2397,2025,-174.0,-6.76779463243874,2393.2,3.800000000000182,1.0015878321912084,-244.0,59.700000000000045,5
2297,2025,-100.0,-4.171881518564873,2257.0,40.0,1.0177226406734603,-204.5,37.75,6
2101,2025,-196.0,-8.532868959512408,2098.2,2.800000000000182,1.0013344771709085,-197.75,13.150000000000091,7
1840,2025,-261.0,-12.422655878153261,1963.2,-123.20000000000005,0.9372453137734311,-182.75,-19.14999999999992,8
1760,2025,-80.0,-4.3478260869565215,1887.2,-127.20000000000005,0.9325985587113184,-159.25,-51.89999999999998,9
1698,2025,-62.0,-3.5227272727272725,1843.4,-145.4000000000001,0.9211240099815557,-149.75,-98.25,10
1707,2025,9.0,0.5300353356890459,1815.6,-108.59999999999991,0.9401850627891607,-98.5,-126.10000000000002,11
1744,2025,37.0,2.1675454012888107,1814.4,-70.40000000000009,0.9611992945326279,-24.0,-112.90000000000003,12
1773,2025,29.0,1.662844036697248,1805.6,-32.59999999999991,0.9819450598139123,3.25,-89.25,13
1830,2025,57.0,3.2148900169204735,1842.0,-12.0,0.993485342019544,33.0,-55.89999999999998,14
1846,2025,16.0,0.8743169398907104,1888.4,-42.40000000000009,0.9775471298453717,34.75,-39.35000000000002,15
1934,2025,88.0,4.7670639219935,1951.2,-17.200000000000045,0.9911849118491185,47.5,-26.05000000000001,16
2041,2025,107.0,5.532574974146845,2022.6,18.40000000000009,1.009097201621675,67.0,-13.300000000000011,17
2145,2025,104.0,5.095541401273886,2105.4,39.59999999999991,1.018808777429467,78.75,-0.4000000000000341,18
2255,2025,110.0,5.128205128205128,2193.4,61.59999999999991,1.0280842527582748,102.25,25.599999999999966,19
2375,2025,120.0,5.321507760532151,2292.8,82.19999999999982,1.0358513607815771,110.25,50.44999999999993,20
2476,2025,101.0,4.252631578947368,2388.0,88.0,1.036850921273032,108.75,67.84999999999991,21
2598,2025,122.0,4.92730210016155,2492.4,105.59999999999991,1.0423688011555128,113.25,84.34999999999991,22
2707,2025,109.0,4.195535026943803,2567.4,139.5999999999999,1.0543740749396275,113.0,103.84999999999991,23
2802,2025,95.0,3.509420022164758,2645.4,156.5999999999999,1.0591970968473576,106.75,122.44999999999993,24
2898,2025,96.0,3.4261241970021414,2722.8,175.19999999999982,1.0643455266637285,105.5,144.2499999999999,25
2953,2025,55.0,1.8978605935127675,2770.6,182.4000000000001,1.065834115354075,88.75,163.44999999999993,26
3006,2025,53.0,1.7947849644429394,2826.6,179.4000000000001,1.0634684780301422,74.75,173.39999999999998,27
3052,2025,46.0,1.5302727877578177,2862.2,189.80000000000018,1.066312626650828,62.5,181.70000000000005,28
3075,2025,23.0,0.7536041939711665,2884.6,190.4000000000001,1.0660056853636553,44.25,185.5000000000001,29
3123,2025,48.0,1.5609756097560976,2911.4,211.5999999999999,1.0726798104004946,42.5,192.80000000000007,30
